fcN0,lcN0,ecN0@mybank.com,Dummy Second
fcN1,lcN1,ecN1@mybank.com,Dummy Second
fcN2,lcN2,ecN2@mybank.com,Dummy Second
fcN3,lcN3,ecN3@mybank.com,Dummy Second
fcN4,lcN4,ecN4@mybank.com,Dummy Second
fcN5,lcN5,ecN5@mybank.com,Dummy Second
fcN6,lcN6,ecN6@mybank.com,Dummy Second
fcN7,lcN7,ecN7@mybank.com,Dummy Second
fcN8,lcN8,ecN8@mybank.com,Dummy Second
fcN9,lcN9,ecN9@mybank.com,Dummy Second
fcN10,lcN10,ecN10@mybank.com,Dummy Second
fcN11,lcN11,ecN11@mybank.com,Dummy Second
fcN12,lcN12,ecN12@mybank.com,Dummy Second
fcN13,lcN13,ecN13@mybank.com,Dummy Second
fcN14,lcN14,ecN14@mybank.com,Dummy Second
fcN15,lcN15,ecN15@mybank.com,Dummy Second
fcN16,lcN16,ecN16@mybank.com,Dummy Second
fcN17,lcN17,ecN17@mybank.com,Dummy Second
fcN18,lcN18,ecN18@mybank.com,Dummy Second
fcN19,lcN19,ecN19@mybank.com,Dummy Second
fcN20,lcN20,ecN20@mybank.com,Dummy Second
fcN21,lcN21,ecN21@mybank.com,Dummy Second
fcN22,lcN22,ecN22@mybank.com,Dummy Second
fcN23,lcN23,ecN23@mybank.com,Dummy Second
fcN24,lcN24,ecN24@mybank.com,Dummy Second
fcN25,lcN25,ecN25@mybank.com,Dummy Second
fcN26,lcN26,ecN26@mybank.com,Dummy Second
fcN27,lcN27,ecN27@mybank.com,Dummy Second
fcN28,lcN28,ecN28@mybank.com,Dummy Second
fcN29,lcN29,ecN29@mybank.com,Dummy Second
fcN30,lcN30,ecN30@mybank.com,Dummy Second
fcN31,lcN31,ecN31@mybank.com,Dummy Second
fcN32,lcN32,ecN32@mybank.com,Dummy Second
fcN33,lcN33,ecN33@mybank.com,Dummy Second
fcN34,lcN34,ecN34@mybank.com,Dummy Second
fcN35,lcN35,ecN35@mybank.com,Dummy Second
fcN36,lcN36,ecN36@mybank.com,Dummy Second
fcN37,lcN37,ecN37@mybank.com,Dummy Second
fcN38,lcN38,ecN38@mybank.com,Dummy Second
fcN39,lcN39,ecN39@mybank.com,Dummy Second
fcN40,lcN40,ecN40@mybank.com,Dummy Second
fcN41,lcN41,ecN41@mybank.com,Dummy Second
fcN42,lcN42,ecN42@mybank.com,Dummy Second
fcN43,lcN43,ecN43@mybank.com,Dummy Second
fcN44,lcN44,ecN44@mybank.com,Dummy Second
fcN45,lcN45,ecN45@mybank.com,Dummy Second
fcN46,lcN46,ecN46@mybank.com,Dummy Second
fcN47,lcN47,ecN47@mybank.com,Dummy Second
fcN48,lcN48,ecN48@mybank.com,Dummy Second
fcN49,lcN49,ecN49@mybank.com,Dummy Second
fcN50,lcN50,ecN50@mybank.com,Dummy Second
fcN51,lcN51,ecN51@mybank.com,Dummy Second
fcN52,lcN52,ecN52@mybank.com,Dummy Second
fcN53,lcN53,ecN53@mybank.com,Dummy Second
fcN54,lcN54,ecN54@mybank.com,Dummy Second
fcN55,lcN55,ecN55@mybank.com,Dummy Second
fcN56,lcN56,ecN56@mybank.com,Dummy Second
fcN57,lcN57,ecN57@mybank.com,Dummy Second
fcN58,lcN58,ecN58@mybank.com,Dummy Second
fcN59,lcN59,ecN59@mybank.com,Dummy Second
fcN60,lcN60,ecN60@mybank.com,Dummy Second
fcN61,lcN61,ecN61@mybank.com,Dummy Second
fcN62,lcN62,ecN62@mybank.com,Dummy Second
fcN63,lcN63,ecN63@mybank.com,Dummy Second
fcN64,lcN64,ecN64@mybank.com,Dummy Second
fcN65,lcN65,ecN65@mybank.com,Dummy Second
fcN66,lcN66,ecN66@mybank.com,Dummy Second
fcN67,lcN67,ecN67@mybank.com,Dummy Second
fcN68,lcN68,ecN68@mybank.com,Dummy Second
fcN69,lcN69,ecN69@mybank.com,Dummy Second
fcN70,lcN70,ecN70@mybank.com,Dummy Second
fcN71,lcN71,ecN71@mybank.com,Dummy Second
fcN72,lcN72,ecN72@mybank.com,Dummy Second
fcN73,lcN73,ecN73@mybank.com,Dummy Second
fcN74,lcN74,ecN74@mybank.com,Dummy Second
fcN75,lcN75,ecN75@mybank.com,Dummy Second
fcN76,lcN76,ecN76@mybank.com,Dummy Second
fcN77,lcN77,ecN77@mybank.com,Dummy Second
fcN78,lcN78,ecN78@mybank.com,Dummy Second
fcN79,lcN79,ecN79@mybank.com,Dummy Second
fcN80,lcN80,ecN80@mybank.com,Dummy Second
fcN81,lcN81,ecN81@mybank.com,Dummy Second
fcN82,lcN82,ecN82@mybank.com,Dummy Second
fcN83,lcN83,ecN83@mybank.com,Dummy Second
fcN84,lcN84,ecN84@mybank.com,Dummy Second
fcN85,lcN85,ecN85@mybank.com,Dummy Second
fcN86,lcN86,ecN86@mybank.com,Dummy Second
fcN87,lcN87,ecN87@mybank.com,Dummy Second
fcN88,lcN88,ecN88@mybank.com,Dummy Second
fcN89,lcN89,ecN89@mybank.com,Dummy Second
fcN90,lcN90,ecN90@mybank.com,Dummy Second
fcN91,lcN91,ecN91@mybank.com,Dummy Second
fcN92,lcN92,ecN92@mybank.com,Dummy Second
fcN93,lcN93,ecN93@mybank.com,Dummy Second
fcN94,lcN94,ecN94@mybank.com,Dummy Second
fcN95,lcN95,ecN95@mybank.com,Dummy Second
fcN96,lcN96,ecN96@mybank.com,Dummy Second
fcN97,lcN97,ecN97@mybank.com,Dummy Second
fcN98,lcN98,ecN98@mybank.com,Dummy Second
fcN99,lcN99,ecN99@mybank.com,Dummy Second
fcN100,lcN100,ecN100@mybank.com,Dummy Second
fcN101,lcN101,ecN101@mybank.com,Dummy Second
fcN102,lcN102,ecN102@mybank.com,Dummy Second
fcN103,lcN103,ecN103@mybank.com,Dummy Second
fcN104,lcN104,ecN104@mybank.com,Dummy Second
fcN105,lcN105,ecN105@mybank.com,Dummy Second
fcN106,lcN106,ecN106@mybank.com,Dummy Second
fcN107,lcN107,ecN107@mybank.com,Dummy Second
fcN108,lcN108,ecN108@mybank.com,Dummy Second
fcN109,lcN109,ecN109@mybank.com,Dummy Second
fcN110,lcN110,ecN110@mybank.com,Dummy Second
fcN111,lcN111,ecN111@mybank.com,Dummy Second
fcN112,lcN112,ecN112@mybank.com,Dummy Second
fcN113,lcN113,ecN113@mybank.com,Dummy Second
fcN114,lcN114,ecN114@mybank.com,Dummy Second
fcN115,lcN115,ecN115@mybank.com,Dummy Second
fcN116,lcN116,ecN116@mybank.com,Dummy Second
fcN117,lcN117,ecN117@mybank.com,Dummy Second
fcN118,lcN118,ecN118@mybank.com,Dummy Second
fcN119,lcN119,ecN119@mybank.com,Dummy Second
fcN120,lcN120,ecN120@mybank.com,Dummy Second
fcN121,lcN121,ecN121@mybank.com,Dummy Second
fcN122,lcN122,ecN122@mybank.com,Dummy Second
fcN123,lcN123,ecN123@mybank.com,Dummy Second
fcN124,lcN124,ecN124@mybank.com,Dummy Second
fcN125,lcN125,ecN125@mybank.com,Dummy Second
fcN126,lcN126,ecN126@mybank.com,Dummy Second
fcN127,lcN127,ecN127@mybank.com,Dummy Second
fcN128,lcN128,ecN128@mybank.com,Dummy Second
fcN129,lcN129,ecN129@mybank.com,Dummy Second
fcN130,lcN130,ecN130@mybank.com,Dummy Second
fcN131,lcN131,ecN131@mybank.com,Dummy Second
fcN132,lcN132,ecN132@mybank.com,Dummy Second
fcN133,lcN133,ecN133@mybank.com,Dummy Second
fcN134,lcN134,ecN134@mybank.com,Dummy Second
fcN135,lcN135,ecN135@mybank.com,Dummy Second
fcN136,lcN136,ecN136@mybank.com,Dummy Second
fcN137,lcN137,ecN137@mybank.com,Dummy Second
fcN138,lcN138,ecN138@mybank.com,Dummy Second
fcN139,lcN139,ecN139@mybank.com,Dummy Second
fcN140,lcN140,ecN140@mybank.com,Dummy Second
fcN141,lcN141,ecN141@mybank.com,Dummy Second
fcN142,lcN142,ecN142@mybank.com,Dummy Second
fcN143,lcN143,ecN143@mybank.com,Dummy Second
fcN144,lcN144,ecN144@mybank.com,Dummy Second
fcN145,lcN145,ecN145@mybank.com,Dummy Second
fcN146,lcN146,ecN146@mybank.com,Dummy Second
fcN147,lcN147,ecN147@mybank.com,Dummy Second
fcN148,lcN148,ecN148@mybank.com,Dummy Second
fcN149,lcN149,ecN149@mybank.com,Dummy Second
fcN150,lcN150,ecN150@mybank.com,Dummy Second
fcN151,lcN151,ecN151@mybank.com,Dummy Second
fcN152,lcN152,ecN152@mybank.com,Dummy Second
fcN153,lcN153,ecN153@mybank.com,Dummy Second
fcN154,lcN154,ecN154@mybank.com,Dummy Second
fcN155,lcN155,ecN155@mybank.com,Dummy Second
fcN156,lcN156,ecN156@mybank.com,Dummy Second
fcN157,lcN157,ecN157@mybank.com,Dummy Second
fcN158,lcN158,ecN158@mybank.com,Dummy Second
fcN159,lcN159,ecN159@mybank.com,Dummy Second
fcN160,lcN160,ecN160@mybank.com,Dummy Second
fcN161,lcN161,ecN161@mybank.com,Dummy Second
fcN162,lcN162,ecN162@mybank.com,Dummy Second
fcN163,lcN163,ecN163@mybank.com,Dummy Second
fcN164,lcN164,ecN164@mybank.com,Dummy Second
fcN165,lcN165,ecN165@mybank.com,Dummy Second
fcN166,lcN166,ecN166@mybank.com,Dummy Second
fcN167,lcN167,ecN167@mybank.com,Dummy Second
fcN168,lcN168,ecN168@mybank.com,Dummy Second
fcN169,lcN169,ecN169@mybank.com,Dummy Second
fcN170,lcN170,ecN170@mybank.com,Dummy Second
fcN171,lcN171,ecN171@mybank.com,Dummy Second
fcN172,lcN172,ecN172@mybank.com,Dummy Second
fcN173,lcN173,ecN173@mybank.com,Dummy Second
fcN174,lcN174,ecN174@mybank.com,Dummy Second
fcN175,lcN175,ecN175@mybank.com,Dummy Second
fcN176,lcN176,ecN176@mybank.com,Dummy Second
fcN177,lcN177,ecN177@mybank.com,Dummy Second
fcN178,lcN178,ecN178@mybank.com,Dummy Second
fcN179,lcN179,ecN179@mybank.com,Dummy Second
fcN180,lcN180,ecN180@mybank.com,Dummy Second
fcN181,lcN181,ecN181@mybank.com,Dummy Second
fcN182,lcN182,ecN182@mybank.com,Dummy Second
fcN183,lcN183,ecN183@mybank.com,Dummy Second
fcN184,lcN184,ecN184@mybank.com,Dummy Second
fcN185,lcN185,ecN185@mybank.com,Dummy Second
fcN186,lcN186,ecN186@mybank.com,Dummy Second
fcN187,lcN187,ecN187@mybank.com,Dummy Second
fcN188,lcN188,ecN188@mybank.com,Dummy Second
fcN189,lcN189,ecN189@mybank.com,Dummy Second
fcN190,lcN190,ecN190@mybank.com,Dummy Second
fcN191,lcN191,ecN191@mybank.com,Dummy Second
fcN192,lcN192,ecN192@mybank.com,Dummy Second
fcN193,lcN193,ecN193@mybank.com,Dummy Second
fcN194,lcN194,ecN194@mybank.com,Dummy Second
fcN195,lcN195,ecN195@mybank.com,Dummy Second
fcN196,lcN196,ecN196@mybank.com,Dummy Second
fcN197,lcN197,ecN197@mybank.com,Dummy Second
fcN198,lcN198,ecN198@mybank.com,Dummy Second
fcN199,lcN199,ecN199@mybank.com,Dummy Second
